x,dN CH3,dN H2...F,dN H2…Cl
0.00,-0.0702,-0.060588583,-0.02085
0.10,-0.0645,-0.050148583,-0.01953
0.25,-0.0539,-0.0332,-0.01741
0.50,-0.0302,-0.004808583,-0.01349
0.75,-0.0013,0.018791417,-0.00902
0.85,0.0105,0.026381417,-0.00706
1.00,0.027,0.035881417,-0.00391
HF,0.0357,0.047861417,0.01073